<?xml version="1.0" encoding="UTF-8"?>
<project-private xmlns="http://www.netbeans.org/ns/project-private/1">
    <editor-bookmarks xmlns="http://www.netbeans.org/ns/editor-bookmarks/2" lastBookmarkId="0"/>
    <open-files xmlns="http://www.netbeans.org/ns/projectui-open-files/2">
        <group>
            <file>file:/C:/Users/olivia%20uwimaana/Desktop/NadCourseWork/web/viewareas.jsp</file>
            <file>file:/C:/Users/olivia%20uwimaana/Desktop/NadCourseWork/web/AddAgentToDb.jsp</file>
            <file>file:/C:/Users/olivia%20uwimaana/Desktop/NadCourseWork/web/viewagent.jsp</file>
            <file>file:/C:/Users/olivia%20uwimaana/Desktop/NadCourseWork/web/RegisterAgentsForm.jsp</file>
            <file>file:/C:/Users/olivia%20uwimaana/Desktop/NadCourseWork/web/AgentDistribution.jsp</file>
            <file>file:/C:/Users/olivia%20uwimaana/Desktop/NadCourseWork/web/RegisterAreaForm.jsp</file>
            <file>file:/C:/Users/olivia%20uwimaana/Desktop/NadCourseWork/web/distribute.jsp</file>
        </group>
        <group>
            <file>file:/C:/Users/olivia%20uwimaana/Desktop/NadCourseWork/web/AddAreaCoordinatorToDb.jsp</file>
            <file>file:/C:/Users/olivia%20uwimaana/Desktop/NadCourseWork/web/approve.jsp</file>
            <file>file:/C:/Users/olivia%20uwimaana/Desktop/NadCourseWork/web/AddAgentToDb.jsp</file>
            <file>file:/C:/Users/olivia%20uwimaana/Desktop/NadCourseWork/web/RegisterAgentsForm.jsp</file>
            <file>file:/C:/Users/olivia%20uwimaana/Desktop/NadCourseWork/web/viewagent.jsp</file>
            <file>file:/C:/Users/olivia%20uwimaana/Desktop/NadCourseWork/web/RegisterAreaCoordinator.jsp</file>
            <file>file:/C:/Users/olivia%20uwimaana/Desktop/NadCourseWork/web/viewCoordinator.jsp</file>
            <file>file:/C:/Users/olivia%20uwimaana/Desktop/NadCourseWork/web/promotion.jsp</file>
        </group>
    </open-files>
</project-private>
